Fecha,Dia,Bloque,Ejercicio,Series x Reps,Peso Usado (kg),RIR,Notas
08/06/2026,Serie 1,Bloque A (Sem 1-4),"Movilidad 90/90 de Cadera","2x10/lado",0,"",""
08/06/2026,Serie 2,Bloque A (Sem 1-4),"Movilidad 90/90 de Cadera","2x10/lado",0,"",""
08/06/2026,Serie 1,Bloque A (Sem 1-4),"Movilidad de Tobillo contra Pared","2x10/lado",0,"",""
08/06/2026,Serie 2,Bloque A (Sem 1-4),"Movilidad de Tobillo contra Pared","2x10/lado",0,"",""
08/06/2026,Serie 1,Bloque A (Sem 1-4),"Sentadilla Búlgara Isométrica","3x30-40s",30,"",""
08/06/2026,Serie 2,Bloque A (Sem 1-4),"Sentadilla Búlgara Isométrica","3x30-40s",30,"",""
08/06/2026,Serie 3,Bloque A (Sem 1-4),"Sentadilla Búlgara Isométrica","3x30-40s",30,"",""
08/06/2026,Serie 1,Bloque A (Sem 1-4),"Drop Landings (Absorción de Impacto)","3x4",0,"",""
08/06/2026,Serie 2,Bloque A (Sem 1-4),"Drop Landings (Absorción de Impacto)","3x4",0,"",""
08/06/2026,Serie 3,Bloque A (Sem 1-4),"Drop Landings (Absorción de Impacto)","3x4",0,"3",""
08/06/2026,Serie 1,Bloque A (Sem 1-4),"Prensa Inclinada de Piernas","4x10",130,"",""
08/06/2026,Serie 2,Bloque A (Sem 1-4),"Prensa Inclinada de Piernas","4x10",100,"1",""
08/06/2026,Serie 3,Bloque A (Sem 1-4),"Prensa Inclinada de Piernas","4x10",100,"0",""
08/06/2026,Serie 4,Bloque A (Sem 1-4),"Prensa Inclinada de Piernas","4x10",130,"",""
08/06/2026,Serie 1,Bloque A (Sem 1-4),"Peso Muerto Rumano (Barra/Manc.)","3x10",60,"0",""
08/06/2026,Serie 2,Bloque A (Sem 1-4),"Peso Muerto Rumano (Barra/Manc.)","3x10",60,"0",""
08/06/2026,Serie 3,Bloque A (Sem 1-4),"Peso Muerto Rumano (Barra/Manc.)","3x10",60,"0",""
08/06/2026,Serie 1,Bloque A (Sem 1-4),"Press Inclinado con Mancuernas (45°)","3x10",30,"0",""
08/06/2026,Serie 2,Bloque A (Sem 1-4),"Press Inclinado con Mancuernas (45°)","3x10",30,"0",""
08/06/2026,Serie 3,Bloque A (Sem 1-4),"Press Inclinado con Mancuernas (45°)","3x10",30,"0",""
08/06/2026,Serie 1,Bloque A (Sem 1-4),"Press Pallof en Polea","3x12/lado",12.5,"3",""
08/06/2026,Serie 2,Bloque A (Sem 1-4),"Press Pallof en Polea","3x12/lado",0,"",""
08/06/2026,Serie 3,Bloque A (Sem 1-4),"Press Pallof en Polea","3x12/lado",0,"",""
10/06/2026,Serie 1,Bloque A (Sem 1-4),"Dislocaciones de Hombro con Pica","2x10",0,"",""
10/06/2026,Serie 2,Bloque A (Sem 1-4),"Dislocaciones de Hombro con Pica","2x10",0,"",""
10/06/2026,Serie 1,Bloque A (Sem 1-4),"Rotación Torácica en Cuadrupedia","2x10/lado",0,"",""
10/06/2026,Serie 2,Bloque A (Sem 1-4),"Rotación Torácica en Cuadrupedia","2x10/lado",0,"",""
10/06/2026,Serie 1,Bloque A (Sem 1-4),"Y-T-W en Banco Inclinado","2x10/letra",0,"",""
10/06/2026,Serie 2,Bloque A (Sem 1-4),"Y-T-W en Banco Inclinado","2x10/letra",0,"",""
10/06/2026,Serie 1,Bloque A (Sem 1-4),"Puente de Glúteo a una Pierna","2x12/lado",0,"",""
10/06/2026,Serie 2,Bloque A (Sem 1-4),"Puente de Glúteo a una Pierna","2x12/lado",0,"",""
10/06/2026,Serie 1,Bloque A (Sem 1-4),"Skater Jumps con Recepción Clavada","3x4/lado",0,"",""
10/06/2026,Serie 2,Bloque A (Sem 1-4),"Skater Jumps con Recepción Clavada","3x4/lado",0,"",""
10/06/2026,Serie 3,Bloque A (Sem 1-4),"Skater Jumps con Recepción Clavada","3x4/lado",0,"",""
10/06/2026,Serie 1,Bloque A (Sem 1-4),"Dominadas Supinas (o Jalón Neutro)","4x8",30,"3",""
10/06/2026,Serie 2,Bloque A (Sem 1-4),"Dominadas Supinas (o Jalón Neutro)","4x8",42.5,"3",""
10/06/2026,Serie 3,Bloque A (Sem 1-4),"Dominadas Supinas (o Jalón Neutro)","4x8",45,"3",""
10/06/2026,Serie 4,Bloque A (Sem 1-4),"Dominadas Supinas (o Jalón Neutro)","4x8",50,"1",""
10/06/2026,Serie 1,Bloque A (Sem 1-4),"Sentadilla Búlgara Dinámica","3x8/pierna",8,"3",""
10/06/2026,Serie 2,Bloque A (Sem 1-4),"Sentadilla Búlgara Dinámica","3x8/pierna",16,"2",""
10/06/2026,Serie 3,Bloque A (Sem 1-4),"Sentadilla Búlgara Dinámica","3x8/pierna",16,"2",""
10/06/2026,Serie 1,Bloque A (Sem 1-4),"Remo Apoyado en Banco Manc.","3x10",10,"3",""
10/06/2026,Serie 2,Bloque A (Sem 1-4),"Remo Apoyado en Banco Manc.","3x10",20,"2",""
10/06/2026,Serie 3,Bloque A (Sem 1-4),"Remo Apoyado en Banco Manc.","3x10",20,"2",""
10/06/2026,Serie 1,Bloque A (Sem 1-4),"Plancha Abdominal Extendida","3x40 s",0,"",""
10/06/2026,Serie 2,Bloque A (Sem 1-4),"Plancha Abdominal Extendida","3x40 s",0,"",""
10/06/2026,Serie 3,Bloque A (Sem 1-4),"Plancha Abdominal Extendida","3x40 s",0,"",""
12/06/2026,Serie 1,Bloque A (Sem 1-4),"Gato-Camello (Cat-Camel)","2x10",0,"",""
12/06/2026,Serie 2,Bloque A (Sem 1-4),"Gato-Camello (Cat-Camel)","2x10",0,"",""
12/06/2026,Serie 1,Bloque A (Sem 1-4),"Estiramiento Dinámico Aductores","2x10/lado",0,"",""
12/06/2026,Serie 2,Bloque A (Sem 1-4),"Estiramiento Dinámico Aductores","2x10/lado",0,"",""
12/06/2026,Serie 1,Bloque A (Sem 1-4),"Curl Femoral en Máquina","2x10",15,"3",""
12/06/2026,Serie 2,Bloque A (Sem 1-4),"Curl Femoral en Máquina","2x10",15,"3",""
12/06/2026,Serie 1,Bloque A (Sem 1-4),"Aceleración Resistida con Banda o Trineo","4x15 metros",0,"",""
12/06/2026,Serie 2,Bloque A (Sem 1-4),"Aceleración Resistida con Banda o Trineo","4x15 metros",0,"",""
12/06/2026,Serie 3,Bloque A (Sem 1-4),"Aceleración Resistida con Banda o Trineo","4x15 metros",0,"",""
12/06/2026,Serie 4,Bloque A (Sem 1-4),"Aceleración Resistida con Banda o Trineo","4x15 metros",0,"",""
12/06/2026,Serie 1,Bloque A (Sem 1-4),"Landmine Press a un Brazo","4x8/lado",15,"2",""
12/06/2026,Serie 2,Bloque A (Sem 1-4),"Landmine Press a un Brazo","4x8/lado",15,"2",""
12/06/2026,Serie 3,Bloque A (Sem 1-4),"Landmine Press a un Brazo","4x8/lado",15,"2",""
12/06/2026,Serie 4,Bloque A (Sem 1-4),"Landmine Press a un Brazo","4x8/lado",15,"2",""
12/06/2026,Serie 1,Bloque A (Sem 1-4),"Sentadilla Goblet Profunda","3x12",22.5,"2",""
12/06/2026,Serie 2,Bloque A (Sem 1-4),"Sentadilla Goblet Profunda","3x12",22.5,"0",""
12/06/2026,Serie 3,Bloque A (Sem 1-4),"Sentadilla Goblet Profunda","3x12",22.5,"1",""
12/06/2026,Serie 1,Bloque A (Sem 1-4),"Cossack Squat con Mancuerna","3x8/lado",12.5,"3",""
12/06/2026,Serie 2,Bloque A (Sem 1-4),"Cossack Squat con Mancuerna","3x8/lado",12.5,"1",""
12/06/2026,Serie 3,Bloque A (Sem 1-4),"Cossack Squat con Mancuerna","3x8/lado",12.5,"2",""
12/06/2026,Serie 1,Bloque A (Sem 1-4),"Leñador (Woodchopper) Polea Alta","3x12/lado",17.5,"3",""
12/06/2026,Serie 2,Bloque A (Sem 1-4),"Leñador (Woodchopper) Polea Alta","3x12/lado",17.5,"3",""
12/06/2026,Serie 3,Bloque A (Sem 1-4),"Leñador (Woodchopper) Polea Alta","3x12/lado",17.5,"3",""
15/06/2026,Serie 1,Bloque A (Sem 1-4),"Movilidad 90/90 de Cadera","2x10/lado",0,"",""
15/06/2026,Serie 2,Bloque A (Sem 1-4),"Movilidad 90/90 de Cadera","2x10/lado",0,"",""
15/06/2026,Serie 1,Bloque A (Sem 1-4),"Movilidad de Tobillo contra Pared","2x10/lado",0,"",""
15/06/2026,Serie 2,Bloque A (Sem 1-4),"Movilidad de Tobillo contra Pared","2x10/lado",0,"",""
15/06/2026,Serie 1,Bloque A (Sem 1-4),"Sentadilla Búlgara Isométrica","3x30-40s",30,"1",""
15/06/2026,Serie 2,Bloque A (Sem 1-4),"Sentadilla Búlgara Isométrica","3x30-40s",30,"0",""
15/06/2026,Serie 3,Bloque A (Sem 1-4),"Sentadilla Búlgara Isométrica","3x30-40s",30,"0",""
15/06/2026,Serie 1,Bloque A (Sem 1-4),"Drop Landings (Absorción de Impacto)","3x4",0,"",""
15/06/2026,Serie 2,Bloque A (Sem 1-4),"Drop Landings (Absorción de Impacto)","3x4",0,"",""
15/06/2026,Serie 3,Bloque A (Sem 1-4),"Drop Landings (Absorción de Impacto)","3x4",0,"",""
15/06/2026,Serie 1,Bloque A (Sem 1-4),"Prensa Inclinada de Piernas","4x10",100,"1",""
15/06/2026,Serie 2,Bloque A (Sem 1-4),"Prensa Inclinada de Piernas","4x10",100,"1",""
15/06/2026,Serie 3,Bloque A (Sem 1-4),"Prensa Inclinada de Piernas","4x10",100,"1",""
15/06/2026,Serie 4,Bloque A (Sem 1-4),"Prensa Inclinada de Piernas","4x10",100,"1",""
15/06/2026,Serie 1,Bloque A (Sem 1-4),"Peso Muerto Rumano (Barra/Manc.)","3x10",70,"3",""
15/06/2026,Serie 2,Bloque A (Sem 1-4),"Peso Muerto Rumano (Barra/Manc.)","3x10",70,"3",""
15/06/2026,Serie 3,Bloque A (Sem 1-4),"Peso Muerto Rumano (Barra/Manc.)","3x10",70,"3",""
15/06/2026,Serie 1,Bloque A (Sem 1-4),"Press Inclinado con Mancuernas (45°)","3x10",12,"3",""
15/06/2026,Serie 2,Bloque A (Sem 1-4),"Press Inclinado con Mancuernas (45°)","3x10",15,"3",""
15/06/2026,Serie 3,Bloque A (Sem 1-4),"Press Inclinado con Mancuernas (45°)","3x10",15,"3",""
15/06/2026,Serie 1,Bloque A (Sem 1-4),"Press Pallof en Polea","3x12/lado",30,"2",""
15/06/2026,Serie 2,Bloque A (Sem 1-4),"Press Pallof en Polea","3x12/lado",30,"2",""
15/06/2026,Serie 3,Bloque A (Sem 1-4),"Press Pallof en Polea","3x12/lado",30,"2",""
19/06/2026,Serie 1,Bloque A (Sem 1-4),"Movilidad 90/90 de Cadera","2x10/lado",0,"",""
19/06/2026,Serie 2,Bloque A (Sem 1-4),"Movilidad 90/90 de Cadera","2x10/lado",0,"",""
19/06/2026,Serie 1,Bloque A (Sem 1-4),"Movilidad de Tobillo contra Pared","2x10/lado",0,"",""
19/06/2026,Serie 2,Bloque A (Sem 1-4),"Movilidad de Tobillo contra Pared","2x10/lado",0,"",""
19/06/2026,Serie 1,Bloque A (Sem 1-4),"Sentadilla Búlgara Isométrica","3x30-40s",30,"1",""
19/06/2026,Serie 2,Bloque A (Sem 1-4),"Sentadilla Búlgara Isométrica","3x30-40s",30,"0",""
19/06/2026,Serie 3,Bloque A (Sem 1-4),"Sentadilla Búlgara Isométrica","3x30-40s",30,"0",""
19/06/2026,Serie 1,Bloque A (Sem 1-4),"Drop Landings (Absorción de Impacto)","3x4",0,"",""
19/06/2026,Serie 2,Bloque A (Sem 1-4),"Drop Landings (Absorción de Impacto)","3x4",0,"",""
19/06/2026,Serie 3,Bloque A (Sem 1-4),"Drop Landings (Absorción de Impacto)","3x4",0,"",""
19/06/2026,Serie 1,Bloque A (Sem 1-4),"Prensa Inclinada de Piernas","4x10",100,"1",""
19/06/2026,Serie 2,Bloque A (Sem 1-4),"Prensa Inclinada de Piernas","4x10",100,"1",""
19/06/2026,Serie 3,Bloque A (Sem 1-4),"Prensa Inclinada de Piernas","4x10",100,"1",""
19/06/2026,Serie 4,Bloque A (Sem 1-4),"Prensa Inclinada de Piernas","4x10",100,"1",""
19/06/2026,Serie 1,Bloque A (Sem 1-4),"Peso Muerto Rumano (Barra/Manc.)","3x10",70,"3",""
19/06/2026,Serie 2,Bloque A (Sem 1-4),"Peso Muerto Rumano (Barra/Manc.)","3x10",70,"3",""
19/06/2026,Serie 3,Bloque A (Sem 1-4),"Peso Muerto Rumano (Barra/Manc.)","3x10",70,"3",""
19/06/2026,Serie 1,Bloque A (Sem 1-4),"Press Inclinado con Mancuernas (45°)","3x10",12,"3",""
19/06/2026,Serie 2,Bloque A (Sem 1-4),"Press Inclinado con Mancuernas (45°)","3x10",15,"3",""
19/06/2026,Serie 3,Bloque A (Sem 1-4),"Press Inclinado con Mancuernas (45°)","3x10",15,"3",""
19/06/2026,Serie 1,Bloque A (Sem 1-4),"Press Pallof en Polea","3x12/lado",30,"2",""
19/06/2026,Serie 2,Bloque A (Sem 1-4),"Press Pallof en Polea","3x12/lado",30,"2",""
19/06/2026,Serie 3,Bloque A (Sem 1-4),"Press Pallof en Polea","3x12/lado",30,"2",""
25/06/2026,Serie 1,Bloque A (Sem 1-4),"Movilidad 90/90 de Cadera","2x10/lado",0,"",""
25/06/2026,Serie 2,Bloque A (Sem 1-4),"Movilidad 90/90 de Cadera","2x10/lado",0,"",""
25/06/2026,Serie 1,Bloque A (Sem 1-4),"Movilidad de Tobillo contra Pared","2x10/lado",0,"",""
25/06/2026,Serie 2,Bloque A (Sem 1-4),"Movilidad de Tobillo contra Pared","2x10/lado",0,"",""
25/06/2026,Serie 1,Bloque A (Sem 1-4),"Sentadilla Búlgara Isométrica","3x30-40s",25,"0",""
25/06/2026,Serie 2,Bloque A (Sem 1-4),"Sentadilla Búlgara Isométrica","3x30-40s",25,"0",""
25/06/2026,Serie 3,Bloque A (Sem 1-4),"Sentadilla Búlgara Isométrica","3x30-40s",25,"0",""
25/06/2026,Serie 1,Bloque A (Sem 1-4),"Prensa Inclinada de Piernas","4x10",90,"3",""
25/06/2026,Serie 2,Bloque A (Sem 1-4),"Prensa Inclinada de Piernas","4x10",90,"3",""
25/06/2026,Serie 3,Bloque A (Sem 1-4),"Prensa Inclinada de Piernas","4x10",90,"3",""
25/06/2026,Serie 4,Bloque A (Sem 1-4),"Prensa Inclinada de Piernas","4x10",90,"3",""
25/06/2026,Serie 1,Bloque A (Sem 1-4),"Drop Landings (Absorción de Impacto)","3x4",0,"0",""
25/06/2026,Serie 2,Bloque A (Sem 1-4),"Drop Landings (Absorción de Impacto)","3x4",0,"0",""
25/06/2026,Serie 3,Bloque A (Sem 1-4),"Drop Landings (Absorción de Impacto)","3x4",0,"0",""
25/06/2026,Serie 1,Bloque A (Sem 1-4),"Peso Muerto Rumano (Barra/Manc.)","3x10",65,"2",""
25/06/2026,Serie 2,Bloque A (Sem 1-4),"Peso Muerto Rumano (Barra/Manc.)","3x10",65,"2",""
25/06/2026,Serie 3,Bloque A (Sem 1-4),"Peso Muerto Rumano (Barra/Manc.)","3x10",65,"2",""
25/06/2026,Serie 1,Bloque A (Sem 1-4),"Press Inclinado con Mancuernas (45°)","3x10",15,"3",""
25/06/2026,Serie 2,Bloque A (Sem 1-4),"Press Inclinado con Mancuernas (45°)","3x10",15,"3",""
25/06/2026,Serie 3,Bloque A (Sem 1-4),"Press Inclinado con Mancuernas (45°)","3x10",15,"3",""
26/06/2026,Serie 1,Bloque A (Sem 1-4),"Dislocaciones de Hombro con Pica","2x10",0,"",""
26/06/2026,Serie 2,Bloque A (Sem 1-4),"Dislocaciones de Hombro con Pica","2x10",0,"",""
26/06/2026,Serie 1,Bloque A (Sem 1-4),"Rotación Torácica en Cuadrupedia","2x10/lado",0,"",""
26/06/2026,Serie 2,Bloque A (Sem 1-4),"Rotación Torácica en Cuadrupedia","2x10/lado",0,"",""
26/06/2026,Serie 1,Bloque A (Sem 1-4),"Y-T-W en Banco Inclinado","2x10/letra",1,"3",""
26/06/2026,Serie 2,Bloque A (Sem 1-4),"Y-T-W en Banco Inclinado","2x10/letra",1,"3",""
26/06/2026,Serie 1,Bloque A (Sem 1-4),"Puente de Glúteo a una Pierna","2x12/lado",0,"3",""
26/06/2026,Serie 2,Bloque A (Sem 1-4),"Puente de Glúteo a una Pierna","2x12/lado",0,"3",""
26/06/2026,Serie 1,Bloque A (Sem 1-4),"Skater Jumps con Recepción Clavada","3x4/lado",0,"",""
26/06/2026,Serie 2,Bloque A (Sem 1-4),"Skater Jumps con Recepción Clavada","3x4/lado",0,"",""
26/06/2026,Serie 3,Bloque A (Sem 1-4),"Skater Jumps con Recepción Clavada","3x4/lado",0,"",""
26/06/2026,Serie 1,Bloque A (Sem 1-4),"Dominadas Supinas (o Jalón Neutro)","4x8",45,"3",""
26/06/2026,Serie 2,Bloque A (Sem 1-4),"Dominadas Supinas (o Jalón Neutro)","4x8",45,"3",""
26/06/2026,Serie 3,Bloque A (Sem 1-4),"Dominadas Supinas (o Jalón Neutro)","4x8",45,"3",""
26/06/2026,Serie 4,Bloque A (Sem 1-4),"Dominadas Supinas (o Jalón Neutro)","4x8",45,"3",""
26/06/2026,Serie 1,Bloque A (Sem 1-4),"Sentadilla Búlgara Dinámica","3x8/pierna",8,"3",""
26/06/2026,Serie 2,Bloque A (Sem 1-4),"Sentadilla Búlgara Dinámica","3x8/pierna",8,"3",""
26/06/2026,Serie 3,Bloque A (Sem 1-4),"Sentadilla Búlgara Dinámica","3x8/pierna",8,"3",""
26/06/2026,Serie 1,Bloque A (Sem 1-4),"Remo Apoyado en Banco Manc.","3x10",15,"3",""
26/06/2026,Serie 2,Bloque A (Sem 1-4),"Remo Apoyado en Banco Manc.","3x10",15,"3",""
26/06/2026,Serie 3,Bloque A (Sem 1-4),"Remo Apoyado en Banco Manc.","3x10",15,"3",""
26/06/2026,Serie 1,Bloque A (Sem 1-4),"Plancha Abdominal Extendida","3x40 s",0,"",""
26/06/2026,Serie 2,Bloque A (Sem 1-4),"Plancha Abdominal Extendida","3x40 s",0,"",""
26/06/2026,Serie 3,Bloque A (Sem 1-4),"Plancha Abdominal Extendida","3x40 s",0,"",""
26/06/2026,Serie 1,Bloque A (Sem 1-4),"Plancha Copenhague (Aductores)","3x20-30s/lado",0,"",""
26/06/2026,Serie 2,Bloque A (Sem 1-4),"Plancha Copenhague (Aductores)","3x20-30s/lado",0,"",""
26/06/2026,Serie 3,Bloque A (Sem 1-4),"Plancha Copenhague (Aductores)","3x20-30s/lado",0,"",""
29/06/2026,Serie 1,Bloque A (Sem 1-4),"Movilidad 90/90 de Cadera","2x10/lado",0,"",""
29/06/2026,Serie 2,Bloque A (Sem 1-4),"Movilidad 90/90 de Cadera","2x10/lado",0,"",""
29/06/2026,Serie 1,Bloque A (Sem 1-4),"Movilidad de Tobillo contra Pared","2x10/lado",0,"",""
29/06/2026,Serie 2,Bloque A (Sem 1-4),"Movilidad de Tobillo contra Pared","2x10/lado",0,"",""
29/06/2026,Serie 1,Bloque A (Sem 1-4),"Sentadilla Búlgara Isométrica","3x30-40s",25,"3",""
29/06/2026,Serie 2,Bloque A (Sem 1-4),"Sentadilla Búlgara Isométrica","3x30-40s",25,"3",""
29/06/2026,Serie 3,Bloque A (Sem 1-4),"Sentadilla Búlgara Isométrica","3x30-40s",25,"3",""
29/06/2026,Serie 1,Bloque A (Sem 1-4),"Drop Landings (Absorción de Impacto)","3x4",0,"",""
29/06/2026,Serie 2,Bloque A (Sem 1-4),"Drop Landings (Absorción de Impacto)","3x4",0,"",""
29/06/2026,Serie 3,Bloque A (Sem 1-4),"Drop Landings (Absorción de Impacto)","3x4",0,"",""
29/06/2026,Serie 1,Bloque A (Sem 1-4),"Prensa Inclinada de Piernas","4x10",90,"2",""
29/06/2026,Serie 2,Bloque A (Sem 1-4),"Prensa Inclinada de Piernas","4x10",90,"2",""
29/06/2026,Serie 3,Bloque A (Sem 1-4),"Prensa Inclinada de Piernas","4x10",90,"2",""
29/06/2026,Serie 4,Bloque A (Sem 1-4),"Prensa Inclinada de Piernas","4x10",90,"2",""
29/06/2026,Serie 1,Bloque A (Sem 1-4),"Peso Muerto Rumano (Barra/Manc.)","3x10",65,"3",""
29/06/2026,Serie 2,Bloque A (Sem 1-4),"Peso Muerto Rumano (Barra/Manc.)","3x10",65,"3",""
29/06/2026,Serie 3,Bloque A (Sem 1-4),"Peso Muerto Rumano (Barra/Manc.)","3x10",65,"3",""
29/06/2026,Serie 1,Bloque A (Sem 1-4),"Press Inclinado con Mancuernas (45°)","3x10",14,"3","Hecho en barra porque no había banco libre. Barra más 20kgs"
29/06/2026,Serie 2,Bloque A (Sem 1-4),"Press Inclinado con Mancuernas (45°)","3x10",14,"3","Hecho en barra porque no había banco libre. Barra más 20kgs"
29/06/2026,Serie 3,Bloque A (Sem 1-4),"Press Inclinado con Mancuernas (45°)","3x10",14,"3","Hecho en barra porque no había banco libre. Barra más 20kgs"
29/06/2026,Serie 1,Bloque A (Sem 1-4),"Press Pallof en Polea","3x12/lado",25,"3",""
29/06/2026,Serie 2,Bloque A (Sem 1-4),"Press Pallof en Polea","3x12/lado",25,"3",""
29/06/2026,Serie 3,Bloque A (Sem 1-4),"Press Pallof en Polea","3x12/lado",25,"3",""
01/07/2026,Serie 1,Bloque A (Sem 1-4),"Dislocaciones de Hombro con Pica","2x10",0,"",""
01/07/2026,Serie 2,Bloque A (Sem 1-4),"Dislocaciones de Hombro con Pica","2x10",0,"",""
01/07/2026,Serie 1,Bloque A (Sem 1-4),"Rotación Torácica en Cuadrupedia","2x10/lado",0,"",""
01/07/2026,Serie 2,Bloque A (Sem 1-4),"Rotación Torácica en Cuadrupedia","2x10/lado",0,"",""
01/07/2026,Serie 1,Bloque A (Sem 1-4),"Y-T-W en Banco Inclinado","2x10/letra",0,"",""
01/07/2026,Serie 2,Bloque A (Sem 1-4),"Y-T-W en Banco Inclinado","2x10/letra",0,"",""
01/07/2026,Serie 1,Bloque A (Sem 1-4),"Puente de Glúteo a una Pierna","2x12/lado",0,"",""
01/07/2026,Serie 2,Bloque A (Sem 1-4),"Puente de Glúteo a una Pierna","2x12/lado",0,"",""
01/07/2026,Serie 1,Bloque A (Sem 1-4),"Skater Jumps con Recepción Clavada","3x4/lado",0,"",""
01/07/2026,Serie 2,Bloque A (Sem 1-4),"Skater Jumps con Recepción Clavada","3x4/lado",0,"",""
01/07/2026,Serie 3,Bloque A (Sem 1-4),"Skater Jumps con Recepción Clavada","3x4/lado",0,"",""
01/07/2026,Serie 1,Bloque A (Sem 1-4),"Dominadas Supinas (o Jalón Neutro)","4x8",50,"3",""
01/07/2026,Serie 2,Bloque A (Sem 1-4),"Dominadas Supinas (o Jalón Neutro)","4x8",50,"3",""
01/07/2026,Serie 3,Bloque A (Sem 1-4),"Dominadas Supinas (o Jalón Neutro)","4x8",50,"3",""
01/07/2026,Serie 4,Bloque A (Sem 1-4),"Dominadas Supinas (o Jalón Neutro)","4x8",50,"3",""
01/07/2026,Serie 1,Bloque A (Sem 1-4),"Sentadilla Búlgara Dinámica","3x8/pierna",8,"3",""
01/07/2026,Serie 2,Bloque A (Sem 1-4),"Sentadilla Búlgara Dinámica","3x8/pierna",8,"3",""
01/07/2026,Serie 3,Bloque A (Sem 1-4),"Sentadilla Búlgara Dinámica","3x8/pierna",8,"3",""
01/07/2026,Serie 1,Bloque A (Sem 1-4),"Remo Apoyado en Banco Manc.","3x10",10,"3",""
01/07/2026,Serie 2,Bloque A (Sem 1-4),"Remo Apoyado en Banco Manc.","3x10",10,"3",""
01/07/2026,Serie 3,Bloque A (Sem 1-4),"Remo Apoyado en Banco Manc.","3x10",10,"3",""
01/07/2026,Serie 1,Bloque A (Sem 1-4),"Plancha Copenhague (Aductores)","3x20-30s/lado",0,"3",""
01/07/2026,Serie 2,Bloque A (Sem 1-4),"Plancha Copenhague (Aductores)","3x20-30s/lado",0,"3",""
01/07/2026,Serie 3,Bloque A (Sem 1-4),"Plancha Copenhague (Aductores)","3x20-30s/lado",0,"3",""
01/07/2026,Serie 1,Bloque A (Sem 1-4),"Plancha Abdominal Extendida","3x40 s",0,"3",""
01/07/2026,Serie 2,Bloque A (Sem 1-4),"Plancha Abdominal Extendida","3x40 s",0,"3",""
01/07/2026,Serie 3,Bloque A (Sem 1-4),"Plancha Abdominal Extendida","3x40 s",0,"3",""
06/07/2026,Serie 1,Bloque B (Sem 5-8),"Movilidad 90/90 de Cadera","2x10/lado",0,"",""
06/07/2026,Serie 2,Bloque B (Sem 5-8),"Movilidad 90/90 de Cadera","2x10/lado",0,"",""
06/07/2026,Serie 1,Bloque B (Sem 5-8),"Movilidad de Tobillo contra Pared","2x10/lado",0,"",""
06/07/2026,Serie 2,Bloque B (Sem 5-8),"Movilidad de Tobillo contra Pared","2x10/lado",0,"",""
06/07/2026,Serie 1,Bloque B (Sem 5-8),"Sentadilla Búlgara Isométrica","3x25s/pierna",40,"1",""
06/07/2026,Serie 2,Bloque B (Sem 5-8),"Sentadilla Búlgara Isométrica","3x25s/pierna",40,"1",""
06/07/2026,Serie 3,Bloque B (Sem 5-8),"Sentadilla Búlgara Isométrica","3x25s/pierna",40,"1",""
06/07/2026,Serie 1,Bloque B (Sem 5-8),"Curl Nórdico Excéntrico","2x5",0,"3",""
06/07/2026,Serie 2,Bloque B (Sem 5-8),"Curl Nórdico Excéntrico","2x5",0,"3",""
06/07/2026,Serie 1,Bloque B (Sem 5-8),"Drop Landings (Absorción de Impacto)","3x4",0,"",""
06/07/2026,Serie 2,Bloque B (Sem 5-8),"Drop Landings (Absorción de Impacto)","3x4",0,"",""
06/07/2026,Serie 3,Bloque B (Sem 5-8),"Drop Landings (Absorción de Impacto)","3x4",0,"",""
06/07/2026,Serie 1,Bloque B (Sem 5-8),"Sentadilla Smith (o Prensa)","4x6-8",60,"3","Sentadilla libre con 60 kgs. Necesito saber cuánto peso meter según los rirs que he indicado. En todas 8 reps"
06/07/2026,Serie 2,Bloque B (Sem 5-8),"Sentadilla Smith (o Prensa)","4x6-8",80,"3","Sentadilla libre con 60 kgs. Necesito saber cuánto peso meter según los rirs que he indicado. En todas 8 reps"
06/07/2026,Serie 3,Bloque B (Sem 5-8),"Sentadilla Smith (o Prensa)","4x6-8",0,"","Sentadilla libre con 60 kgs. Necesito saber cuánto peso meter según los rirs que he indicado. En todas 8 reps"
06/07/2026,Serie 4,Bloque B (Sem 5-8),"Sentadilla Smith (o Prensa)","4x6-8",100,"2","Sentadilla libre con 60 kgs. Necesito saber cuánto peso meter según los rirs que he indicado. En todas 8 reps"
06/07/2026,Serie 1,Bloque B (Sem 5-8),"Press Inclinado con Mancuernas","3x8",25,"1","6 reps"
06/07/2026,Serie 2,Bloque B (Sem 5-8),"Press Inclinado con Mancuernas","3x8",25,"1","6 reps"
06/07/2026,Serie 3,Bloque B (Sem 5-8),"Press Inclinado con Mancuernas","3x8",25,"1","6 reps"
06/07/2026,Serie 1,Bloque B (Sem 5-8),"Peso Muerto Rumano con Barra","3x8",75,"2",""
06/07/2026,Serie 2,Bloque B (Sem 5-8),"Peso Muerto Rumano con Barra","3x8",75,"2",""
06/07/2026,Serie 3,Bloque B (Sem 5-8),"Peso Muerto Rumano con Barra","3x8",75,"2",""
06/07/2026,Serie 1,Bloque B (Sem 5-8),"Press Pallof en Polea (Alta)","3x10/lado",0,"",""
06/07/2026,Serie 2,Bloque B (Sem 5-8),"Press Pallof en Polea (Alta)","3x10/lado",0,"",""
06/07/2026,Serie 3,Bloque B (Sem 5-8),"Press Pallof en Polea (Alta)","3x10/lado",0,"",""
08/07/2026,Serie 1,Bloque B (Sem 5-8),"Dislocaciones de Hombro con Pica","2x10",0,"",""
08/07/2026,Serie 2,Bloque B (Sem 5-8),"Dislocaciones de Hombro con Pica","2x10",0,"",""
08/07/2026,Serie 1,Bloque B (Sem 5-8),"Rotación Torácica en Cuadrupedia","2x10/lado",0,"",""
08/07/2026,Serie 2,Bloque B (Sem 5-8),"Rotación Torácica en Cuadrupedia","2x10/lado",0,"",""
08/07/2026,Serie 1,Bloque B (Sem 5-8),"Y-T-W con Mancuernas Ligeras","2x10",2,"3",""
08/07/2026,Serie 2,Bloque B (Sem 5-8),"Y-T-W con Mancuernas Ligeras","2x10",2,"3",""
08/07/2026,Serie 1,Bloque B (Sem 5-8),"Puente de Glúteo a una Pierna","2x12/lado",0,"",""
08/07/2026,Serie 2,Bloque B (Sem 5-8),"Puente de Glúteo a una Pierna","2x12/lado",0,"",""
08/07/2026,Serie 1,Bloque B (Sem 5-8),"Skater Jumps con Recepción Clavada","3x4/lado",0,"",""
08/07/2026,Serie 2,Bloque B (Sem 5-8),"Skater Jumps con Recepción Clavada","3x4/lado",0,"",""
08/07/2026,Serie 3,Bloque B (Sem 5-8),"Skater Jumps con Recepción Clavada","3x4/lado",0,"",""
08/07/2026,Serie 1,Bloque B (Sem 5-8),"Dominadas Neutras Lastradas","4x6",7.5,"0",""
08/07/2026,Serie 2,Bloque B (Sem 5-8),"Dominadas Neutras Lastradas","4x6",7.5,"0",""
08/07/2026,Serie 3,Bloque B (Sem 5-8),"Dominadas Neutras Lastradas","4x6",7.5,"0",""
08/07/2026,Serie 4,Bloque B (Sem 5-8),"Dominadas Neutras Lastradas","4x6",7.5,"0",""
08/07/2026,Serie 1,Bloque B (Sem 5-8),"Sentadilla Búlgara con Manc.","3x6/pierna",20,"0",""
08/07/2026,Serie 2,Bloque B (Sem 5-8),"Sentadilla Búlgara con Manc.","3x6/pierna",20,"0",""
08/07/2026,Serie 3,Bloque B (Sem 5-8),"Sentadilla Búlgara con Manc.","3x6/pierna",20,"0",""
08/07/2026,Serie 1,Bloque B (Sem 5-8),"Remo Unilateral Polea Baja","3x8/lado",0,"3",""
08/07/2026,Serie 2,Bloque B (Sem 5-8),"Remo Unilateral Polea Baja","3x8/lado",0,"3",""
08/07/2026,Serie 3,Bloque B (Sem 5-8),"Remo Unilateral Polea Baja","3x8/lado",0,"3",""
08/07/2026,Serie 1,Bloque B (Sem 5-8),"Plancha con Toques de Hombros","3x45 s",0,"",""
08/07/2026,Serie 2,Bloque B (Sem 5-8),"Plancha con Toques de Hombros","3x45 s",0,"",""
08/07/2026,Serie 3,Bloque B (Sem 5-8),"Plancha con Toques de Hombros","3x45 s",0,"",""
08/07/2026,Serie 1,Bloque B (Sem 5-8),"Plancha Copenhague (Aductores)","3x20-30s/lado",0,"",""
08/07/2026,Serie 2,Bloque B (Sem 5-8),"Plancha Copenhague (Aductores)","3x20-30s/lado",0,"",""
08/07/2026,Serie 3,Bloque B (Sem 5-8),"Plancha Copenhague (Aductores)","3x20-30s/lado",0,"",""
10/07/2026,Serie 1,Bloque B (Sem 5-8),"Gato-Camello (Cat-Camel)","2x10",0,"",""
10/07/2026,Serie 2,Bloque B (Sem 5-8),"Gato-Camello (Cat-Camel)","2x10",0,"",""
10/07/2026,Serie 1,Bloque B (Sem 5-8),"Estiramiento Dinámico Aductores","2x10/lado",0,"",""
10/07/2026,Serie 2,Bloque B (Sem 5-8),"Estiramiento Dinámico Aductores","2x10/lado",0,"",""
10/07/2026,Serie 1,Bloque B (Sem 5-8),"Aceleración Resistida con Banda o Trineo","4x15 metros",0,"","Lo hago en cuesta porque no tenga mi banda ni trineo "
10/07/2026,Serie 2,Bloque B (Sem 5-8),"Aceleración Resistida con Banda o Trineo","4x15 metros",0,"","Lo hago en cuesta porque no tenga mi banda ni trineo "
10/07/2026,Serie 3,Bloque B (Sem 5-8),"Aceleración Resistida con Banda o Trineo","4x15 metros",0,"","Lo hago en cuesta porque no tenga mi banda ni trineo "
10/07/2026,Serie 4,Bloque B (Sem 5-8),"Aceleración Resistida con Banda o Trineo","4x15 metros",0,"","Lo hago en cuesta porque no tenga mi banda ni trineo "
10/07/2026,Serie 1,Bloque B (Sem 5-8),"Curl de Isquios en Fitball (o Deslizadores)","3x10-12",0,"",""
10/07/2026,Serie 2,Bloque B (Sem 5-8),"Curl de Isquios en Fitball (o Deslizadores)","3x10-12",0,"",""
10/07/2026,Serie 3,Bloque B (Sem 5-8),"Curl de Isquios en Fitball (o Deslizadores)","3x10-12",0,"",""
10/07/2026,Serie 1,Bloque B (Sem 5-8),"Landmine Press Pesado","4x6/lado",22.5,"3",""
10/07/2026,Serie 2,Bloque B (Sem 5-8),"Landmine Press Pesado","4x6/lado",22.5,"3",""
10/07/2026,Serie 3,Bloque B (Sem 5-8),"Landmine Press Pesado","4x6/lado",22.5,"3",""
10/07/2026,Serie 4,Bloque B (Sem 5-8),"Landmine Press Pesado","4x6/lado",22.5,"3",""
10/07/2026,Serie 1,Bloque B (Sem 5-8),"Peso Muerto Hex Bar","3x5",110,"3",""
10/07/2026,Serie 2,Bloque B (Sem 5-8),"Peso Muerto Hex Bar","3x5",110,"3",""
10/07/2026,Serie 3,Bloque B (Sem 5-8),"Peso Muerto Hex Bar","3x5",110,"3",""
10/07/2026,Serie 1,Bloque B (Sem 5-8),"Cossack Squat con Mancuerna","3x8/lado",15,"3",""
10/07/2026,Serie 2,Bloque B (Sem 5-8),"Cossack Squat con Mancuerna","3x8/lado",15,"3",""
10/07/2026,Serie 3,Bloque B (Sem 5-8),"Cossack Squat con Mancuerna","3x8/lado",15,"3",""
10/07/2026,Serie 1,Bloque B (Sem 5-8),"Leñador en Polea Alta","3x10/lado",0,"",""
10/07/2026,Serie 2,Bloque B (Sem 5-8),"Leñador en Polea Alta","3x10/lado",0,"",""
10/07/2026,Serie 3,Bloque B (Sem 5-8),"Leñador en Polea Alta","3x10/lado",0,"",""
13/07/2026,Serie 1,Bloque B (Sem 5-8),"Movilidad 90/90 de Cadera","2x10/lado",0,"",""
13/07/2026,Serie 2,Bloque B (Sem 5-8),"Movilidad 90/90 de Cadera","2x10/lado",0,"",""
13/07/2026,Serie 1,Bloque B (Sem 5-8),"Movilidad de Tobillo contra Pared","2x10/lado",0,"",""
13/07/2026,Serie 2,Bloque B (Sem 5-8),"Movilidad de Tobillo contra Pared","2x10/lado",0,"",""
13/07/2026,Serie 1,Bloque B (Sem 5-8),"Sentadilla Búlgara Isométrica","3x25s/pierna",25,"2",""
13/07/2026,Serie 2,Bloque B (Sem 5-8),"Sentadilla Búlgara Isométrica","3x25s/pierna",25,"2",""
13/07/2026,Serie 3,Bloque B (Sem 5-8),"Sentadilla Búlgara Isométrica","3x25s/pierna",25,"2",""
13/07/2026,Serie 1,Bloque B (Sem 5-8),"Curl Nórdico Excéntrico","2x5",0,"",""
13/07/2026,Serie 2,Bloque B (Sem 5-8),"Curl Nórdico Excéntrico","2x5",0,"",""
13/07/2026,Serie 1,Bloque B (Sem 5-8),"Drop Landings (Absorción de Impacto)","3x4",0,"",""
13/07/2026,Serie 2,Bloque B (Sem 5-8),"Drop Landings (Absorción de Impacto)","3x4",0,"",""
13/07/2026,Serie 3,Bloque B (Sem 5-8),"Drop Landings (Absorción de Impacto)","3x4",0,"",""
13/07/2026,Serie 1,Bloque B (Sem 5-8),"Sentadilla Smith (o Prensa)","4x6-8",100,"1",""
13/07/2026,Serie 2,Bloque B (Sem 5-8),"Sentadilla Smith (o Prensa)","4x6-8",100,"1",""
13/07/2026,Serie 3,Bloque B (Sem 5-8),"Sentadilla Smith (o Prensa)","4x6-8",100,"1",""
13/07/2026,Serie 4,Bloque B (Sem 5-8),"Sentadilla Smith (o Prensa)","4x6-8",100,"1",""
13/07/2026,Serie 1,Bloque B (Sem 5-8),"Peso Muerto Rumano con Barra","3x8",75,"1",""
13/07/2026,Serie 2,Bloque B (Sem 5-8),"Peso Muerto Rumano con Barra","3x8",75,"1",""
13/07/2026,Serie 3,Bloque B (Sem 5-8),"Peso Muerto Rumano con Barra","3x8",75,"1",""
13/07/2026,Serie 1,Bloque B (Sem 5-8),"Press Inclinado con Mancuernas","3x8",25,"1",""
13/07/2026,Serie 2,Bloque B (Sem 5-8),"Press Inclinado con Mancuernas","3x8",25,"1",""
13/07/2026,Serie 3,Bloque B (Sem 5-8),"Press Inclinado con Mancuernas","3x8",25,"1",""
13/07/2026,Serie 1,Bloque B (Sem 5-8),"Press Pallof en Polea (Alta)","3x10/lado",0,"",""
13/07/2026,Serie 2,Bloque B (Sem 5-8),"Press Pallof en Polea (Alta)","3x10/lado",0,"",""
13/07/2026,Serie 3,Bloque B (Sem 5-8),"Press Pallof en Polea (Alta)","3x10/lado",0,"",""
15/07/2026,Serie 1,Bloque B (Sem 5-8),"Dislocaciones de Hombro con Pica","2x10",0,"",""
15/07/2026,Serie 2,Bloque B (Sem 5-8),"Dislocaciones de Hombro con Pica","2x10",0,"",""
15/07/2026,Serie 1,Bloque B (Sem 5-8),"Rotación Torácica en Cuadrupedia","2x10/lado",0,"",""
15/07/2026,Serie 2,Bloque B (Sem 5-8),"Rotación Torácica en Cuadrupedia","2x10/lado",0,"",""
15/07/2026,Serie 1,Bloque B (Sem 5-8),"Y-T-W con Mancuernas Ligeras","2x10",1,"",""
15/07/2026,Serie 2,Bloque B (Sem 5-8),"Y-T-W con Mancuernas Ligeras","2x10",1,"",""
15/07/2026,Serie 1,Bloque B (Sem 5-8),"Puente de Glúteo a una Pierna","2x12/lado",0,"",""
15/07/2026,Serie 2,Bloque B (Sem 5-8),"Puente de Glúteo a una Pierna","2x12/lado",0,"",""
15/07/2026,Serie 1,Bloque B (Sem 5-8),"Skater Jumps con Recepción Clavada","3x4/lado",0,"",""
15/07/2026,Serie 2,Bloque B (Sem 5-8),"Skater Jumps con Recepción Clavada","3x4/lado",0,"",""
15/07/2026,Serie 3,Bloque B (Sem 5-8),"Skater Jumps con Recepción Clavada","3x4/lado",0,"",""
15/07/2026,Serie 1,Bloque B (Sem 5-8),"Dominadas Neutras Lastradas","4x6",7.5,"3",""
15/07/2026,Serie 2,Bloque B (Sem 5-8),"Dominadas Neutras Lastradas","4x6",7.5,"1",""
15/07/2026,Serie 3,Bloque B (Sem 5-8),"Dominadas Neutras Lastradas","4x6",7.5,"",""
15/07/2026,Serie 4,Bloque B (Sem 5-8),"Dominadas Neutras Lastradas","4x6",7.5,"",""
15/07/2026,Serie 1,Bloque B (Sem 5-8),"Sentadilla Búlgara con Manc.","3x6/pierna",20,"2",""
15/07/2026,Serie 2,Bloque B (Sem 5-8),"Sentadilla Búlgara con Manc.","3x6/pierna",20,"2",""
15/07/2026,Serie 3,Bloque B (Sem 5-8),"Sentadilla Búlgara con Manc.","3x6/pierna",20,"2",""
15/07/2026,Serie 1,Bloque B (Sem 5-8),"Remo Unilateral Polea Baja","3x8/lado",0,"3",""
15/07/2026,Serie 2,Bloque B (Sem 5-8),"Remo Unilateral Polea Baja","3x8/lado",0,"3",""
15/07/2026,Serie 3,Bloque B (Sem 5-8),"Remo Unilateral Polea Baja","3x8/lado",0,"3",""
15/07/2026,Serie 1,Bloque B (Sem 5-8),"Plancha con Toques de Hombros","3x45 s",0,"",""
15/07/2026,Serie 2,Bloque B (Sem 5-8),"Plancha con Toques de Hombros","3x45 s",0,"",""
15/07/2026,Serie 3,Bloque B (Sem 5-8),"Plancha con Toques de Hombros","3x45 s",0,"",""
15/07/2026,Serie 1,Bloque B (Sem 5-8),"Plancha Copenhague (Aductores)","3x20-30s/lado",0,"",""
15/07/2026,Serie 2,Bloque B (Sem 5-8),"Plancha Copenhague (Aductores)","3x20-30s/lado",0,"",""
15/07/2026,Serie 3,Bloque B (Sem 5-8),"Plancha Copenhague (Aductores)","3x20-30s/lado",0,"",""
17/07/2026,Serie 1,Bloque B (Sem 5-8),"Gato-Camello (Cat-Camel)","2x10",0,"",""
17/07/2026,Serie 2,Bloque B (Sem 5-8),"Gato-Camello (Cat-Camel)","2x10",0,"",""
17/07/2026,Serie 1,Bloque B (Sem 5-8),"Estiramiento Dinámico Aductores","2x10/lado",0,"",""
17/07/2026,Serie 2,Bloque B (Sem 5-8),"Estiramiento Dinámico Aductores","2x10/lado",0,"",""
17/07/2026,Serie 1,Bloque B (Sem 5-8),"Curl de Isquios en Fitball (o Deslizadores)","3x10-12",0,"",""
17/07/2026,Serie 2,Bloque B (Sem 5-8),"Curl de Isquios en Fitball (o Deslizadores)","3x10-12",0,"",""
17/07/2026,Serie 3,Bloque B (Sem 5-8),"Curl de Isquios en Fitball (o Deslizadores)","3x10-12",0,"",""
17/07/2026,Serie 1,Bloque B (Sem 5-8),"Aceleración Resistida con Banda o Trineo","4x15 metros",0,"",""
17/07/2026,Serie 2,Bloque B (Sem 5-8),"Aceleración Resistida con Banda o Trineo","4x15 metros",0,"",""
17/07/2026,Serie 3,Bloque B (Sem 5-8),"Aceleración Resistida con Banda o Trineo","4x15 metros",0,"",""
17/07/2026,Serie 4,Bloque B (Sem 5-8),"Aceleración Resistida con Banda o Trineo","4x15 metros",0,"",""
17/07/2026,Serie 1,Bloque B (Sem 5-8),"Landmine Press Pesado","4x6/lado",20,"3",""
17/07/2026,Serie 2,Bloque B (Sem 5-8),"Landmine Press Pesado","4x6/lado",20,"3",""
17/07/2026,Serie 3,Bloque B (Sem 5-8),"Landmine Press Pesado","4x6/lado",20,"3",""
17/07/2026,Serie 4,Bloque B (Sem 5-8),"Landmine Press Pesado","4x6/lado",20,"3",""
17/07/2026,Serie 1,Bloque B (Sem 5-8),"Peso Muerto Hex Bar","3x5",110,"2",""
17/07/2026,Serie 2,Bloque B (Sem 5-8),"Peso Muerto Hex Bar","3x5",110,"2",""
17/07/2026,Serie 3,Bloque B (Sem 5-8),"Peso Muerto Hex Bar","3x5",110,"2",""
17/07/2026,Serie 1,Bloque B (Sem 5-8),"Cossack Squat con Mancuerna","3x8/lado",15,"3",""
17/07/2026,Serie 2,Bloque B (Sem 5-8),"Cossack Squat con Mancuerna","3x8/lado",15,"3",""
17/07/2026,Serie 3,Bloque B (Sem 5-8),"Cossack Squat con Mancuerna","3x8/lado",15,"3",""
20/07/2026,Serie 1,Bloque B (Sem 5-8),"Movilidad 90/90 de Cadera","2x10/lado",0,"",""
20/07/2026,Serie 2,Bloque B (Sem 5-8),"Movilidad 90/90 de Cadera","2x10/lado",0,"",""
20/07/2026,Serie 1,Bloque B (Sem 5-8),"Movilidad de Tobillo contra Pared","2x10/lado",0,"",""
20/07/2026,Serie 2,Bloque B (Sem 5-8),"Movilidad de Tobillo contra Pared","2x10/lado",0,"",""
20/07/2026,Serie 1,Bloque B (Sem 5-8),"Sentadilla Búlgara Isométrica","3x25s/pierna",20,"2",""
20/07/2026,Serie 2,Bloque B (Sem 5-8),"Sentadilla Búlgara Isométrica","3x25s/pierna",20,"2",""
20/07/2026,Serie 3,Bloque B (Sem 5-8),"Sentadilla Búlgara Isométrica","3x25s/pierna",20,"2",""
20/07/2026,Serie 1,Bloque B (Sem 5-8),"Curl Nórdico Excéntrico","2x5",0,"",""
20/07/2026,Serie 2,Bloque B (Sem 5-8),"Curl Nórdico Excéntrico","2x5",0,"",""
20/07/2026,Serie 1,Bloque B (Sem 5-8),"Drop Landings (Absorción de Impacto)","3x4",0,"",""
20/07/2026,Serie 2,Bloque B (Sem 5-8),"Drop Landings (Absorción de Impacto)","3x4",0,"",""
20/07/2026,Serie 3,Bloque B (Sem 5-8),"Drop Landings (Absorción de Impacto)","3x4",0,"",""
20/07/2026,Serie 1,Bloque B (Sem 5-8),"Sentadilla Smith (o Prensa)","4x6-8",100,"",""
20/07/2026,Serie 2,Bloque B (Sem 5-8),"Sentadilla Smith (o Prensa)","4x6-8",100,"",""
20/07/2026,Serie 3,Bloque B (Sem 5-8),"Sentadilla Smith (o Prensa)","4x6-8",0,"",""
20/07/2026,Serie 4,Bloque B (Sem 5-8),"Sentadilla Smith (o Prensa)","4x6-8",0,"",""
20/07/2026,Serie 1,Bloque B (Sem 5-8),"Peso Muerto Rumano con Barra","3x8",75,"",""
20/07/2026,Serie 2,Bloque B (Sem 5-8),"Peso Muerto Rumano con Barra","3x8",75,"",""
20/07/2026,Serie 3,Bloque B (Sem 5-8),"Peso Muerto Rumano con Barra","3x8",75,"",""
20/07/2026,Serie 1,Bloque B (Sem 5-8),"Press Inclinado con Mancuernas","3x8",25,"1",""
20/07/2026,Serie 2,Bloque B (Sem 5-8),"Press Inclinado con Mancuernas","3x8",25,"1",""
20/07/2026,Serie 3,Bloque B (Sem 5-8),"Press Inclinado con Mancuernas","3x8",25,"1",""
20/07/2026,Serie 1,Bloque B (Sem 5-8),"Press Pallof en Polea (Alta)","3x10/lado",0,"",""
20/07/2026,Serie 2,Bloque B (Sem 5-8),"Press Pallof en Polea (Alta)","3x10/lado",0,"",""
20/07/2026,Serie 3,Bloque B (Sem 5-8),"Press Pallof en Polea (Alta)","3x10/lado",0,"",""
22/07/2026,Serie 1,Bloque B (Sem 5-8),"Dislocaciones de Hombro con Pica","2x10",0,"",""
22/07/2026,Serie 2,Bloque B (Sem 5-8),"Dislocaciones de Hombro con Pica","2x10",0,"",""
22/07/2026,Serie 1,Bloque B (Sem 5-8),"Rotación Torácica en Cuadrupedia","2x10/lado",0,"",""
22/07/2026,Serie 2,Bloque B (Sem 5-8),"Rotación Torácica en Cuadrupedia","2x10/lado",0,"",""
22/07/2026,Serie 1,Bloque B (Sem 5-8),"Y-T-W con Mancuernas Ligeras","2x10",2,"",""
22/07/2026,Serie 2,Bloque B (Sem 5-8),"Y-T-W con Mancuernas Ligeras","2x10",2,"",""
22/07/2026,Serie 1,Bloque B (Sem 5-8),"Puente de Glúteo a una Pierna","2x12/lado",0,"",""
22/07/2026,Serie 2,Bloque B (Sem 5-8),"Puente de Glúteo a una Pierna","2x12/lado",0,"",""
22/07/2026,Serie 1,Bloque B (Sem 5-8),"Skater Jumps con Recepción Clavada","3x4/lado",0,"",""
22/07/2026,Serie 2,Bloque B (Sem 5-8),"Skater Jumps con Recepción Clavada","3x4/lado",0,"",""
22/07/2026,Serie 3,Bloque B (Sem 5-8),"Skater Jumps con Recepción Clavada","3x4/lado",0,"",""
22/07/2026,Serie 1,Bloque B (Sem 5-8),"Dominadas Neutras Lastradas","4x6",7.5,"1",""
22/07/2026,Serie 2,Bloque B (Sem 5-8),"Dominadas Neutras Lastradas","4x6",7.5,"1",""
22/07/2026,Serie 3,Bloque B (Sem 5-8),"Dominadas Neutras Lastradas","4x6",7.5,"1",""
22/07/2026,Serie 4,Bloque B (Sem 5-8),"Dominadas Neutras Lastradas","4x6",7.5,"1",""
22/07/2026,Serie 1,Bloque B (Sem 5-8),"Sentadilla Búlgara con Manc.","3x6/pierna",20,"3",""
22/07/2026,Serie 2,Bloque B (Sem 5-8),"Sentadilla Búlgara con Manc.","3x6/pierna",20,"3",""
22/07/2026,Serie 3,Bloque B (Sem 5-8),"Sentadilla Búlgara con Manc.","3x6/pierna",20,"3",""
22/07/2026,Serie 1,Bloque B (Sem 5-8),"Remo Unilateral Polea Baja","3x8/lado",0,"3",""
22/07/2026,Serie 2,Bloque B (Sem 5-8),"Remo Unilateral Polea Baja","3x8/lado",0,"3",""
22/07/2026,Serie 3,Bloque B (Sem 5-8),"Remo Unilateral Polea Baja","3x8/lado",0,"3",""
22/07/2026,Serie 1,Bloque B (Sem 5-8),"Plancha con Toques de Hombros","3x45 s",0,"",""
22/07/2026,Serie 2,Bloque B (Sem 5-8),"Plancha con Toques de Hombros","3x45 s",0,"",""
22/07/2026,Serie 3,Bloque B (Sem 5-8),"Plancha con Toques de Hombros","3x45 s",0,"",""
22/07/2026,Serie 1,Bloque B (Sem 5-8),"Plancha Copenhague (Aductores)","3x20-30s/lado",0,"",""
22/07/2026,Serie 2,Bloque B (Sem 5-8),"Plancha Copenhague (Aductores)","3x20-30s/lado",0,"",""
22/07/2026,Serie 3,Bloque B (Sem 5-8),"Plancha Copenhague (Aductores)","3x20-30s/lado",0,"",""
